title,url,source,rejected_at,reason
"Les startups françaises ont levé 66,5 millions d'euros cette semaine",https://www.maddyness.com/2026/05/15/les-startups-francaises-ont-leve-665-millions-deuros-cette-semaine/,Maddyness,2026-05-16T17:35:06.005293,Not a tech/startup event
Éric Larchevêque met déjà fin à l’activité de trésorerie bitcoin de The Bitcoin Society,https://www.maddyness.com/2026/05/14/eric-larcheveque-met-deja-fin-a-lactivite-de-tresorerie-bitcoin-de-the-bitcoin-society/,Maddyness,2026-05-16T17:35:09.460436,Not a tech/startup event
"Dans les fusions-acquisitions, les RH sont devenues le vrai facteur de risque.",https://www.maddyness.com/2026/05/13/dans-les-fusions-acquisitions-les-rh-sont-devenues-le-vrai-facteur-de-risque/,Maddyness,2026-05-16T17:35:14.111817,Not a tech/startup event
"Fakto lève 3,6 millions pour traquer les millions perdus dans les factures fournisseurs",https://www.maddyness.com/2026/05/13/fakto-leve-36-millions-pour-traquer-les-millions-perdus-dans-les-factures-fournisseurs/,Maddyness,2026-05-16T17:35:17.083558,Not a tech/startup event
Tribune Debunk #2 : « Les agents IA vont orchestrer le SI sans friction »,https://www.maddyness.com/2026/05/12/les-agents-ia-vont-orchestrer-le-si-sans-friction/,Maddyness,2026-05-16T17:35:20.537187,Not a tech/startup event
Le patron de Voodoo prend officiellement le contrôle de Konbini et du Gorafi,https://www.maddyness.com/2026/05/12/le-patron-de-voodoo-prend-officiellement-le-controle-de-konbini-et-du-gorafi/,Maddyness,2026-05-16T17:35:23.591337,Not a tech/startup event
“On détruit la boîte qu’on rachète” : Superprof s'offre son rival italien,https://www.maddyness.com/2026/05/12/on-detruit-la-boite-quon-rachete-superprof-soffre-son-rival-italien/,Maddyness,2026-05-16T17:35:26.788917,Not a tech/startup event
"Harvey, la licorne américaine de l'IA juridique ouvre un bureau à Paris",https://www.maddyness.com/2026/05/12/harvey-la-licorne-americaine-de-lia-juridique-ouvre-un-bureau-a-paris/,Maddyness,2026-05-16T17:35:29.619994,Not a tech/startup event
5e édition des Trophées de l’innovation LBP AM : qui seront les licornes françaises de demain ?,https://www.maddyness.com/2026/05/12/5e-edition-des-trophees-de-linnovation-lbp-am-qui-seront-les-licornes-francaises-de-demain/,Maddyness,2026-05-16T17:35:33.028777,Not a tech/startup event
Transformer un projet d'école en startup de la watertech,https://www.maddyness.com/2026/05/12/transformer-un-projet-decole-en-startup-de-la-watertech/,Maddyness,2026-05-16T17:35:37.330428,Not a tech/startup event
"À Lyon, Odoo accélère ses recrutements pour structurer son expansion française",https://www.frenchweb.fr/a-lyon-odoo-accelere-ses-recrutements-pour-structurer-son-expansion-francaise/461793,FrenchWeb,2026-05-16T17:36:38.888746,Not a tech/startup event
Ce que le conflit entre APPLE et OPEN AI révèle de la doctrine historique d’Apple,https://www.frenchweb.fr/ce-que-le-conflit-entre-apple-et-openai-revele-de-la-doctrine-historique-dapple/461779,FrenchWeb,2026-05-16T17:36:41.836483,Not a tech/startup event
FRACTILE lève 187 millions d’euros pour développer les puces destinées aux futurs agents IA,https://www.frenchweb.fr/fractile-leve-187-millions-deuros-pour-developper-les-puces-destinees-aux-futurs-agents-ia/461776,FrenchWeb,2026-05-16T17:36:44.811003,Not a tech/startup event
iPhone 16 reconditionné chez Certideal : faut-il sauter le pas ?,https://www.frenchweb.fr/iphone-16-reconditionne-chez-certideal-faut-il-sauter-le-pas/461761,FrenchWeb,2026-05-16T17:36:48.238685,Not a tech/startup event
Une PME française face à Elon Musk : pourquoi le jugement Agorapulse pourrait redéfinir les règles pour toute l’économie des plateformes,https://www.frenchweb.fr/une-pme-francaise-face-a-elon-musk-pourquoi-le-jugement-agorapulse-pourrait-redefinir-les-regles-pour-toute-leconomie-des-plateformes/461736,FrenchWeb,2026-05-16T17:36:51.375479,Not a tech/startup event
"MANTLE8 accélère sur l’hydrogène naturel, nouvel enjeu de souveraineté énergétique européenne",https://www.frenchweb.fr/mantle8-accelere-sur-lhydrogene-naturel-nouvel-enjeu-de-souverainete-energetique-europeenne/461755,FrenchWeb,2026-05-16T17:36:54.837497,Not a tech/startup event
Signature mail : le canal que vos concurrents n’ont pas encore activé,https://www.frenchweb.fr/signature-mail-le-canal-que-vos-concurrents-nont-pas-encore-active/461747,FrenchWeb,2026-05-16T17:36:58.104469,Not a tech/startup event
"Il avait contourné les garde-fous de ChatGPT : Denis Shilov lève 9,35 millions d’euros pour WHITE CIRCLE",https://www.frenchweb.fr/il-avait-contourne-les-garde-fous-de-chatgpt-denis-shilov-leve-935-millions-deuros/461740,FrenchWeb,2026-05-16T17:37:01.505935,Not a tech/startup event
"La valorisation de N8N double à 4,42 milliards d’euros alors que SAP accélère sur les workflows de l’IA d’entreprise",https://www.frenchweb.fr/la-valorisation-de-n8n-double-a-442-milliards-deuros-alors-que-sap-accelere-sur-les-workflows-de-lia-dentreprise/461738,FrenchWeb,2026-05-16T17:37:04.462473,Not a tech/startup event
"L’industrie devient software, mais qui maintient le hardware qui fait tourner le logiciel ?",https://www.frenchweb.fr/lindustrie-devient-software-mais-qui-maintient-le-hardware-qui-fait-tourner-le-logiciel/461723,FrenchWeb,2026-05-16T17:37:07.351942,Not a tech/startup event
"Alexandre Yazdi, le fondateur de VOODOO, prend le contrôle de DC COMPANY (Konbini, Le Gorafi) et accélère ses ambitions dans les médias numériques",https://www.frenchweb.fr/voodoo-prend-le-controle-de-dc-company-konbini-le-gorafi-et-accelere-ses-ambitions-dans-les-medias-numeriques/461720,FrenchWeb,2026-05-16T17:37:10.279553,Not a tech/startup event
Sêmeia lève 21 millions d’euros pour accélérer dans la télésurveillance médicale et l’IA,https://www.frenchweb.fr/semeia-leve-21-millions-deuros-pour-accelerer-dans-la-telesurveillance-medicale-et-lia/461716,FrenchWeb,2026-05-16T17:37:13.238961,Not a tech/startup event
"Carlos Diaz : « Le futur des médias sera incarné, distribué par YouTube et augmenté par l’IA »",https://www.frenchweb.fr/carlos-diaz-le-futur-des-medias-sera-incarne-distribue-par-youtube-et-augmente-par-lia/461712,FrenchWeb,2026-05-16T17:37:17.342825,Not a tech/startup event
"OpenAI abat quelques cartes à Bruxelles, Anthropic garde son jeu fermé",https://www.frenchweb.fr/openai-abat-quelques-cartes-a-bruxelles-anthropic-garde-son-jeu-ferme/461709,FrenchWeb,2026-05-16T17:37:20.224942,Not a tech/startup event
LOVABLE recrute son premier Strategic Operations lead,https://www.frenchweb.fr/lovable-recrute-son-premier-strategic-operations-lead/461707,FrenchWeb,2026-05-16T17:37:23.109147,Not a tech/startup event
LOVABLE recrute des Design Engineers pour construire les expériences qui racontent l’avenir de l’IA,https://www.frenchweb.fr/lovable-recrute-des-design-engineers-pour-construire-les-experiences-qui-racontent-lavenir-de-lia/461705,FrenchWeb,2026-05-16T17:37:25.952064,Not a tech/startup event
LOVABLE recrute un(e) Chief of Staff auprès de son fondateur-CEO.,https://www.frenchweb.fr/lovable-recrute-une-chief-of-staff-aupres-de-son-fondateur-ceo/461664,FrenchWeb,2026-05-16T17:37:29.305298,Not a tech/startup event
“Legal AI is dead” : pourquoi LEGORA veut transformer les cabinets d’avocats en organisations pilotées par des agents IA,https://www.frenchweb.fr/legal-ai-is-dead-pourquoi-legora-veut-transformer-les-cabinets-davocats-en-organisations-pilotees-par-des-agents-ia/461661,FrenchWeb,2026-05-16T17:37:32.857396,Not a tech/startup event
BOUYGUES investit dans l’australien PROCURE PRO via ISAI pour accélérer sa transformation numérique dans la construction,https://www.frenchweb.fr/bouygues-investit-dans-laustralien-procure-pro-via-isai-pour-accelerer-sa-transformation-numerique-dans-la-construction/461695,FrenchWeb,2026-05-16T17:37:37.239047,Not a tech/startup event
Les événements à ne pas rater pour comprendre la montée en puissance de la robotique en 2026,https://www.frenchweb.fr/les-evenements-a-ne-pas-rater-pour-comprendre-la-montee-en-puissance-de-la-robotique-en-2026/461691,FrenchWeb,2026-05-16T17:37:40.419382,Not a tech/startup event
LIPSTIP développe une IA pensée pour les cabinets de propriété intellectuelle,https://www.frenchweb.fr/lipstip-developpe-une-ia-pensee-pour-les-cabinets-de-propriete-intellectuelle/461638,FrenchWeb,2026-05-16T17:38:25.060199,Not a tech/startup event
GENESIS AI veut apprendre aux robots les gestes humains à grande échelle,https://www.frenchweb.fr/genesis-ai-veut-apprendre-aux-robots-les-gestes-humains-a-grande-echelle/461635,FrenchWeb,2026-05-16T17:38:28.131444,Not a tech/startup event
"Colossus aujourd’hui, orbital compute demain : la vision long terme d’ELON MUSK",https://www.frenchweb.fr/colossus-aujourdhui-orbital-compute-demain-la-vision-long-terme-delon-musk/461633,FrenchWeb,2026-05-16T17:38:31.408440,Not a tech/startup event
NELSON lève 3 millions d’euros pour structurer l’électrification des flottes automobiles par la donnée,https://www.frenchweb.fr/nelson-leve-3-millions-deuros-pour-structurer-lelectrification-des-flottes-automobiles-par-la-donnee/461532,FrenchWeb,2026-05-16T17:38:34.483756,Not a tech/startup event
"MOONLIGHT AI lève 2,8 millions d’euros pour accélérer le diagnostic du cancer par IA",https://www.frenchweb.fr/moonlight-ai-leve-28-millions-deuros-pour-accelerer-le-diagnostic-du-cancer-par-ia/461628,FrenchWeb,2026-05-16T17:38:37.543176,Not a tech/startup event
"DAVIS lève 4,7 millions d’euros pour automatiser l’amont du développement immobilier",https://www.frenchweb.fr/davis-leve-47-millions-deuros-pour-automatiser-lamont-du-developpement-immobilier/461623,FrenchWeb,2026-05-16T17:38:40.522011,Not a tech/startup event
Letsignit nomme Amandine Fernandez au poste de Directrice Marketing,https://www.frenchweb.fr/letsignit-nomme-amandine-fernandez-au-poste-de-directrice-marketing/461484,FrenchWeb,2026-05-16T17:38:43.400381,Not a tech/startup event
Comment DOCTOLIB tente de s’imposer dans l’un des marchés les plus verrouillés d’Europe,https://www.frenchweb.fr/comment-doctolib-tente-de-simposer-dans-lun-des-marches-les-plus-verrouilles-deurope/461621,FrenchWeb,2026-05-16T17:38:46.649192,Not a tech/startup event
"Pourquoi Jamie Foxx, Eva Longoria et Matthew McConaughey investissent dans ELEVEN LABS",https://www.frenchweb.fr/pourquoi-jamie-foxx-eva-longoria-et-matthew-mcconaughey-investissent-dans-eleven-labs/461617,FrenchWeb,2026-05-16T17:38:49.631299,Not a tech/startup event
SAP tente de reprendre la main sur les données d’entreprise avec DREMIO et PRIOR LABS,https://www.frenchweb.fr/sap-tente-de-reprendre-la-main-sur-les-donnees-dentreprise-avec-dremio-et-prior-labs/461612,FrenchWeb,2026-05-16T17:38:52.855718,Not a tech/startup event
CFE à Paris : pourquoi choisir la capitale peut réduire votre cotisation,https://www.frenchweb.fr/cfe-a-paris-pourquoi-choisir-la-capitale-peut-reduire-votre-cotisation/461590,FrenchWeb,2026-05-16T17:38:56.173529,Not a tech/startup event
"Trois personnalités à suivre, au cœur des couches invisibles de la tech: Mariam Hakobyan, Sebastian Klaus, Ruben Bryon",https://www.frenchweb.fr/trois-personnalites-a-suivre-au-coeur-des-couches-invisibles-de-la-tech-mariam-hakobyan-sebastian-klaus-ruben-bryon/461584,FrenchWeb,2026-05-16T17:38:59.652489,Not a tech/startup event
"Sebastian KLAUS, de l’armée allemande à la logistique orbitale",https://www.frenchweb.fr/sebastian-klaus-de-larmee-allemande-a-la-logistique-orbitale/461581,FrenchWeb,2026-05-16T17:39:03.230249,Not a tech/startup event
"Ruben BRYON, construire une alternative européenne au cloud américain",https://www.frenchweb.fr/ruben-bryon-construire-une-alternative-europeenne-au-cloud-americain/461579,FrenchWeb,2026-05-16T17:39:08.477846,Not a tech/startup event
"Mariam HAKOBYAN, du code au no-code, une autre idée du logiciel",https://www.frenchweb.fr/mariam-hakobyan-du-code-au-no-code-une-autre-idee-du-logiciel/461561,FrenchWeb,2026-05-16T17:39:11.352437,Not a tech/startup event
L’évolution du SEO face aux moteurs de recherche génératifs,https://www.frenchweb.fr/levolution-du-seo-face-aux-moteurs-de-recherche-generatifs/461571,FrenchWeb,2026-05-16T17:39:14.559564,Not a tech/startup event
QUANTUM MACHINES s’ancre dans l’écosystème européen en faisant l’acquisition de QHarbor,https://www.frenchweb.fr/quantum-machines-sancre-dans-lecosysteme-europeen-en-faisant-lacquisition-de-qharbor/461567,FrenchWeb,2026-05-16T17:39:17.859128,Not a tech/startup event
L’IA sort du cloud et part à la conquête du sous-sol : LITHOSQUARE lève 22 millions d’euros en seed,https://www.frenchweb.fr/lia-sort-du-cloud-et-part-a-la-conquete-du-sous-sol-lithosquare-leve-22-millions-deuros-en-seed/461562,FrenchWeb,2026-05-16T17:39:20.767578,Not a tech/startup event
"GAMESTOP lance une offre non amicale de 55,5 milliards de dollars sur EBAY pour se repositionner dans le recommerce",https://www.frenchweb.fr/gamestop-lance-une-offre-non-amicale-de-555-milliards-de-dollars-sur-ebay-pour-se-repositionner-dans-le-recommerce/461557,FrenchWeb,2026-05-16T17:39:23.782603,Not a tech/startup event
Les événements à ne pas rater pour comprendre la montée en puissance du quantique en 2026,https://www.frenchweb.fr/les-evenements-a-ne-pas-rater-pour-comprendre-la-montee-en-puissance-du-quantique-en-2026/461511,FrenchWeb,2026-05-16T17:39:26.805039,Not a tech/startup event
"AMADEUS construit le “système d’exploitation du voyage”, et s’offre le français IDEMIA PUBLIC SECURITY pour 1,2 milliard d’euros",https://www.frenchweb.fr/amadeus-construit-le-systeme-dexploitation-du-voyage-et-soffre-le-francais-idemia-public-security-pour-12-milliard-deuros/461550,FrenchWeb,2026-05-16T17:40:05.188036,Not a tech/startup event
Ordinal s’implante en France avec un principe que ses fondateurs ont d’abord appliqué à eux-mêmes : comprendre avant d’automatiser,https://www.frenchweb.fr/ordinal-simplante-en-france-avec-un-principe-que-ses-fondateurs-ont-dabord-applique-a-eux-memes-comprendre-avant-dautomatiser/461122,FrenchWeb,2026-05-16T17:40:08.545911,Not a tech/startup event
"CLEO LABS lève 1,5 million d’euros pour intégrer la conformité au cœur du développement produit",https://www.frenchweb.fr/cleo-labs-leve-15-million-deuros-pour-faire-de-la-conformite-produit-une-infrastructure-strategique/461496,FrenchWeb,2026-05-16T17:40:11.438573,Not a tech/startup event
Le VPS piloté par l’IA : De la gestion technique au pilotage de l’infrastructure,https://www.frenchweb.fr/le-vps-pilote-par-lia-de-la-gestion-technique-au-pilotage-de-linfrastructure/460110,FrenchWeb,2026-05-16T17:40:14.669265,Not a tech/startup event
"Claude, l’IA d’ANTHROPIC, entend redessiner l’architecture de la création en s’intégrant aux outils d’Adobe, Ableton et Autodesk",https://www.frenchweb.fr/claude-lia-danthropic-entend-redessiner-larchitecture-de-la-creation-en-sintegrant-aux-outils-dadobe-ableton-et-autodesk/461492,FrenchWeb,2026-05-16T17:40:21.083144,Not a tech/startup event
Pourquoi intégrer une régie Web Push Ads à votre plan média (et comment l’activer),https://www.frenchweb.fr/pourquoi-integrer-une-regie-web-push-ads-a-votre-plan-media-et-comment-lactiver/460743,FrenchWeb,2026-05-16T17:40:24.359710,Not a tech/startup event
"Dans le chaos du Golfe, KPLER s’impose comme le radar du commerce mondial",https://www.frenchweb.fr/dans-le-chaos-du-golfe-kpler-simpose-comme-le-radar-du-commerce-mondial/461488,FrenchWeb,2026-05-16T17:40:27.548376,Not a tech/startup event
"Reinforcement learning vs LLM, INEFFABLE INTELLIGENCE lève 937 millions d’euros",https://www.frenchweb.fr/reinforcement-learning-vs-llm-ineffable-intelligence-leve-937-millions-deuros/461481,FrenchWeb,2026-05-16T17:40:31.010820,Not a tech/startup event
La Chine bloque le rachat de MANUS par META / CYERA rachète RYFT pour sécuriser l’IA / AUDION lève 13 millions d’euros,https://www.frenchweb.fr/la-chine-bloque-le-rachat-de-manus-par-meta-cyera-rachete-ryft-pour-securiser-lia-audion-leve-13-millions-deuros/461462,FrenchWeb,2026-05-16T17:40:34.011227,Not a tech/startup event
Cyera rachète Ryft pour accélérer sur la sécurisation des données à l’ère des agents IA,https://www.frenchweb.fr/cyera-rachete-ryft-pour-accelerer-sur-la-securisation-des-donnees-a-lere-des-agents-ia/461538,FrenchWeb,2026-05-16T17:40:37.380697,Not a tech/startup event
La Chine bloque le rachat de Manus par Meta pour contenir les transferts d’IA,https://www.frenchweb.fr/la-chine-bloque-le-rachat-de-manus-par-meta-pour-contenir-les-transferts-dia/461536,FrenchWeb,2026-05-16T17:40:40.329380,Not a tech/startup event
Mountassir Bouhadba (GIGAFIT) : comment la technologie redéfinit les standards du fitness premium,https://www.frenchweb.fr/fitness-premium-la-technologie-comme-nouveau-socle-de-transformation-du-secteur/461281,FrenchWeb,2026-05-16T17:40:43.304410,Not a tech/startup event
SEREACT lève 93 millions d’euros pour se positionner au cœur de l’IA appliquée au monde réel,https://www.frenchweb.fr/sereact-leve-93-millions-deuros-pour-se-positionner-au-coeur-de-lia-appliquee-au-monde-reel/461473,FrenchWeb,2026-05-16T17:40:46.900674,Not a tech/startup event
"SQUAREMIND lève 15,3 millions d’euros pour déployer Swan, sa plateforme d’imagerie dermatologique robotisée",https://www.frenchweb.fr/squaremind-leve-153-millions-deuros-pour-deployer-swan-sa-plateforme-dimagerie-dermatologique-robotisee/461470,FrenchWeb,2026-05-16T17:40:49.858467,Not a tech/startup event
Le canadien COHERE ouvre une porte en Europe avec l’acquisition d’ALEPH ALPHA,https://www.frenchweb.fr/le-canadien-cohere-ouvre-une-porte-en-europe-avec-lacquisition-daleph-alpha/461465,FrenchWeb,2026-05-16T17:40:53.032999,Not a tech/startup event
"Jean Marc Jancovici (The Shift Project): pourquoi l’électricité sera le nouveau pétrole, et le nouveau point de tension",https://www.frenchweb.fr/jean-marc-jancovici-the-shift-project-pourquoi-lelectricite-sera-le-nouveau-petrole-et-le-nouveau-point-de-tension/461448,FrenchWeb,2026-05-16T17:40:56.406720,Not a tech/startup event
LYFT rachète les restes du ride-hailing européen : un concurrent sérieux face à Uber et Bolt ?,https://www.frenchweb.fr/lyft-rachete-les-restes-du-ride-hailing-europeen-un-concurrent-serieux-face-a-uber-et-bolt/461444,FrenchWeb,2026-05-16T17:40:59.485596,Not a tech/startup event
Health Data Hub : la France acte (enfin) son virage vers un cloud souverain / UNIVITY mise 27 millions d’euros sur une infrastructure spatiale 5G / De Mistral à xAI : Devendra Chaplot change de camp,https://www.frenchweb.fr/health-data-hub-la-france-acte-enfin-son-virage-vers-un-cloud-souverain-univity-mise-27-millions-deuros-sur-une-infrastructure-spatiale-5g-de-mistral-a-xai-devendra-chaplot-change-d/461422,FrenchWeb,2026-05-16T17:41:02.863758,Not a tech/startup event
"CuspAI, ou la promesse d’une science accélérée par l’intelligence artificielle",https://www.frenchweb.fr/cuspai-ou-la-promesse-dune-science-acceleree-par-lintelligence-artificielle/461424,FrenchWeb,2026-05-16T17:41:06.242629,Not a tech/startup event
"Chez UBER, l’IA fait exploser les budgets / Chez META, les salariés entraînent les machines / OpenAI muscle son jeu en Europe avec un Français à sa tête",https://www.frenchweb.fr/chez-uber-lia-fait-exploser-les-budgets-chez-meta-les-salaries-entrainent-les-machines-openai-muscle-son-jeu-en-europe-avec-un-francais-a-sa-tete/461400,FrenchWeb,2026-05-16T17:41:09.623286,Not a tech/startup event
"25,7 millions d’euros pour ATMOS SPACE CARGO : l’Europe face à son angle mort stratégique, le retour orbital",https://www.frenchweb.fr/257-millions-deuros-pour-atmos-space-cargo-leurope-face-a-son-angle-mort-strategique-le-retour-orbital/461396,FrenchWeb,2026-05-16T17:41:13.514244,Not a tech/startup event
Chunking : le jour où je me suis trompée sur les contenus GEO-friendly,https://www.frenchweb.fr/chunking-le-jour-ou-je-me-suis-trompee-sur-les-contenus-geo-friendly/461371,FrenchWeb,2026-05-16T17:41:16.793313,Not a tech/startup event
Wrike + Klaxoon : La plateforme qui réconcilie performance humaine et puissance de l’IA,https://www.frenchweb.fr/wrike-klaxoon-la-plateforme-qui-reconcilie-performance-humaine-et-puissance-de-lia/461379,FrenchWeb,2026-05-16T17:41:20.071688,Not a tech/startup event
"SpaceX mise 60 milliards sur CURSOR, Elon Musk contourne la guerre des modèles",https://www.frenchweb.fr/spacex-mise-60-milliards-sur-cursor-elon-musk-contourne-la-guerre-des-modeles/461383,FrenchWeb,2026-05-16T17:41:23.345031,Not a tech/startup event
"REVOLUT fait chauffer sa valorisation / Sortie de route pour les bus de BLABLACAR / Chez DOCTOLIB, l’equity paie réellement",https://www.frenchweb.fr/revolut-fait-chauffer-sa-valorisation-sortie-de-route-pour-les-bus-de-blablacar-chez-doctolib-lequity-paie-reellement/461370,FrenchWeb,2026-05-16T17:41:26.278198,Not a tech/startup event
Streaming : l’IA fait exploser l’offre et dilue d’autant les revenus des artistes,https://www.frenchweb.fr/streaming-lia-fait-exploser-loffre-et-dilue-dautant-les-revenus-des-musiciens/461367,FrenchWeb,2026-05-16T17:41:29.284447,Not a tech/startup event
IA : Comment Deel devient un acteur clé du futur du travail ?,https://www.frenchweb.fr/ia-pourquoi-2025-marque-un-tournant-et-comment-deel-devient-un-acteur-cle-du-futur-du-travail/459032,FrenchWeb,2026-05-16T17:41:33.072736,Not a tech/startup event
Ukraine : une guerre cognitive à grande échelle contre les démocraties,https://www.frenchweb.fr/ukraine-une-guerre-cognitive-a-grande-echelle-contre-les-democraties/461362,FrenchWeb,2026-05-16T17:41:36.453449,Not a tech/startup event
The Technological Republic : le monde selon KARP,https://www.frenchweb.fr/the-technological-republic-le-monde-selon-karp/461343,FrenchWeb,2026-05-16T17:41:39.729702,Not a tech/startup event
SEPHORA confie son programme de fidélité à ChatGPT : pourquoi c’est un tournant,https://www.frenchweb.fr/sephora-confie-son-programme-de-fidelite-a-chatgpt-pourquoi-cest-un-tournant/461313,FrenchWeb,2026-05-16T17:41:42.921519,Not a tech/startup event
Edenred France : quand Letsignit transforme chaque mail en vecteur d’engagement et de performance,https://www.frenchweb.fr/edenred-france-quand-letsignit-transforme-chaque-mail-en-vecteur-dengagement-et-de-performance/460804,FrenchWeb,2026-05-16T17:41:46.158781,Not a tech/startup event
"Clients dormants, cross-lling et up-selling : la réactivation offline comme levier marketing",https://www.frenchweb.fr/black-friday-noel-la-reactivation-client-nouvel-atout-du-marketing-hybride/457998,FrenchWeb,2026-05-16T17:41:49.971462,Not a tech/startup event
Artur’In rejoint SOLOCAL : l’équation produit + distribution enfin résolue ?,https://www.frenchweb.fr/arturin-rejoint-solocal-lequation-produit-distribution-enfin-resolue/461333,FrenchWeb,2026-05-16T17:41:53.246167,Not a tech/startup event
"GLASSWING : vers une cybersécurité mondiale pilotée par les Big Tech, sans l’Europe ?",https://www.frenchweb.fr/glasswing-vers-une-cybersecurite-mondiale-pilotee-par-les-big-tech-sans-leurope/461309,FrenchWeb,2026-05-16T17:41:56.216795,Not a tech/startup event
Les startups qui révolutionnent l’immobilier en 2026,https://www.frenchweb.fr/les-startups-qui-revolutionnent-limmobilier-en-2026/461301,FrenchWeb,2026-05-16T17:41:59.186883,Not a tech/startup event
ASML : la seule entreprise capable de ralentir l’IA,https://www.frenchweb.fr/asml-la-seule-entreprise-capable-de-ralentir-lia/461294,FrenchWeb,2026-05-16T17:42:02.672575,Not a tech/startup event
AMAZON entre dans les télécoms satellitaires avec l’acquisition de Globalstar,https://www.frenchweb.fr/amazon-entre-dans-les-telecoms-satellitaires-avec-lacquisition-de-globalstar/461291,FrenchWeb,2026-05-16T17:42:05.529782,Not a tech/startup event
De Peter Thiel à Marc Andreessen : la fin du contrarian comme doctrine du venture,https://www.frenchweb.fr/de-peter-thiel-a-marc-andreessen-la-fin-du-contrarian-comme-doctrine-du-venture/461279,FrenchWeb,2026-05-16T17:42:09.324031,Not a tech/startup event
Dix minutes pour diagnostiquer Parkinson ? le pari de NEUROCLUES,https://www.frenchweb.fr/dix-minutes-pour-diagnostiquer-parkinson-le-pari-de-neuroclues/461276,FrenchWeb,2026-05-16T17:42:13.419841,Not a tech/startup event
"38,8 millions levés, une sortie industrielle : l’américain OTIS met la main sur WEMAINTAIN",https://www.frenchweb.fr/388-millions-leves-une-sortie-industrielle-lamericain-otis-met-la-main-sur-wemaintain/461269,FrenchWeb,2026-05-16T17:42:16.330189,Not a tech/startup event
"L’IA gratuite, c’est terminé : les prix du compute s’envolent",https://www.frenchweb.fr/lia-gratuite-cest-termine-les-prix-du-compute-senvolent/461250,FrenchWeb,2026-05-16T17:42:19.258226,Not a tech/startup event
MARKET LEADERS : positionnez votre marque parmi les acteurs clés du marché,https://www.frenchweb.fr/market-leaders-positionnez-votre-marque-parmi-les-acteurs-cles-du-marche/461207,FrenchWeb,2026-05-16T17:42:22.226620,Not a tech/startup event
"“Le e-commerce passe du mot-clé au contexte” : Roxane Laigle, CEO de LEMROCK décrypte la bascule vers les IA",https://www.frenchweb.fr/le-e-commerce-passe-du-mot-cle-au-contexte-roxane-laigle-ceo-de-lemrock-decrypte-la-bascule-vers-les-ia/461245,FrenchWeb,2026-05-16T17:42:25.180094,Not a tech/startup event
Du programme au logement : la nouvelle vitrine digitale de Kaufman & Broad,https://www.frenchweb.fr/du-programme-au-logement-la-nouvelle-vitrine-digitale-de-kaufman-broad/461238,FrenchWeb,2026-05-16T17:42:28.518829,Not a tech/startup event
"Logistique, paiement : VINTED redessine sa chaîne de valeur au détriment de ses marges",https://www.frenchweb.fr/logistique-paiement-vinted-redessine-sa-chaine-de-valeur-au-detriment-de-ses-marges/461236,FrenchWeb,2026-05-16T17:42:31.793637,Not a tech/startup event
Comment XTB s’inscrit dans la nouvelle génération de plateformes de trading en ligne,https://www.frenchweb.fr/comment-xtb-sinscrit-dans-la-nouvelle-generation-de-plateformes-de-trading-en-ligne/461233,FrenchWeb,2026-05-16T17:42:34.924516,Not a tech/startup event
MWM fait l’acquisition de PICNIC: un premier pas vers un modèle de build-up à la Bending Spoons ?,https://www.frenchweb.fr/mwm-fait-lacquisition-de-picnic-un-premier-pas-vers-un-modele-de-build-up-a-la-bending-spoons/461213,FrenchWeb,2026-05-16T17:42:37.894480,Not a tech/startup event
"META invente l’IA social-native : une nouvelle couche entre contenu, recommandation et commerce",https://www.frenchweb.fr/meta-invente-lia-social-native-une-nouvelle-couche-entre-contenu-recommandation-et-commerce/461209,FrenchWeb,2026-05-16T17:42:40.866907,Not a tech/startup event
GEO : quand l’intelligence artificielle redessine les règles du search,https://www.frenchweb.fr/geo-quand-lintelligence-artificielle-redessine-les-regles-du-search/461199,FrenchWeb,2026-05-16T17:42:44.133519,Not a tech/startup event
Startups,https://stationf.co/startups,Station F,2026-05-16T17:42:57.247835,Not a tech/startup event
Programs,https://stationf.co/programs,Station F,2026-05-16T17:43:00.218183,Not a tech/startup event
Events,https://stationf.co/events,Station F,2026-05-16T17:43:03.155600,Not a tech/startup event
About,https://stationf.co/about,Station F,2026-05-16T17:43:06.669751,Not a tech/startup event
Contact,https://stationf.co/contact,Station F,2026-05-16T17:43:09.639656,Not a tech/startup event
HomeStartupsProgramsEventsNewsAboutContact,https://stationf.co/,Station F,2026-05-16T17:43:12.730657,Not a tech/startup event
EVENT KIT,https://www.notion.so/stationfteam/STATION-F-Event-Kit-9e0aad350d36420fb1f15ae6cf658459,Station F,2026-05-16T17:43:15.964044,Not a tech/startup event
Programs,https://stationf.co/events/spaces,Station F,2026-05-16T17:43:19.587144,Not a tech/startup event
REGISTER,https://luma.com/1hbb8271,Station F,2026-05-16T17:43:22.951988,Not a tech/startup event
REGISTER,https://cysat.eu/,Station F,2026-05-16T17:43:26.432648,Not a tech/startup event
REGISTER,https://www.cap-pme.com/registration/register,Station F,2026-05-16T17:43:29.343112,Not a tech/startup event
REGISTER,https://contech-connect.com,Station F,2026-05-16T17:43:32.327749,Not a tech/startup event
REGISTER,https://rsvp.withgoogle.com/events/cto-breakfast-data,Station F,2026-05-16T17:43:35.445280,Not a tech/startup event
REGISTER,https://luma.com/4lfjswg2,Station F,2026-05-16T17:43:38.352980,Not a tech/startup event
REGISTER,https://www.forum.interconnectes.fr/,Station F,2026-05-16T17:43:41.781755,Not a tech/startup event
REGISTER,https://tekkit.io/events/s/tekkit---la-tech-au-feminin?utm_source=Station+F,Station F,2026-05-16T17:43:50.498442,Not a tech/startup event
REGISTER,https://www.insead.edu/events/ai-forums,Station F,2026-05-16T17:43:53.980078,Not a tech/startup event
REGISTER,https://events.ycombinator.com/yc-paris-sus,Station F,2026-05-16T17:43:57.148355,Not a tech/startup event
REGISTER,https://www.eventbrite.com/e/billets-insead-launchpad-demo-day-1987052746254?aff=oddtdtcreator,Station F,2026-05-16T17:44:00.403731,Not a tech/startup event
"5 Parvis Alan Turing, 75013 Paris, France",https://maps.app.goo.gl/oQRvz3xHM8atUMYB7,Station F,2026-05-16T17:44:03.395713,Not a tech/startup event
Follow us,https://x.com/joinstationf,Station F,2026-05-16T17:44:06.382490,Not a tech/startup event
Follow us,https://www.youtube.com/channel/UCJdVyJNEdvWrQrUBGq6moIw,Station F,2026-05-16T17:44:09.275189,Not a tech/startup event
Follow us,https://podcasts.apple.com/fr/podcast/station-f-the-podcast/id1479056989,Station F,2026-05-16T17:44:12.514946,Not a tech/startup event
In-house programs,https://stationf.co/programs/in-house,Station F,2026-05-16T17:44:15.485212,Not a tech/startup event
Resources,https://stationf.co/programs/resources,Station F,2026-05-16T17:44:18.419562,Not a tech/startup event
Visits,https://stationf.co/contact/visits,Station F,2026-05-16T17:44:21.359014,Not a tech/startup event
Sales,https://stationf.co/contact/sales,Station F,2026-05-16T17:44:24.287955,Not a tech/startup event
Press,https://stationf.co/contact/press,Station F,2026-05-16T17:44:27.167143,Not a tech/startup event
PRIVACY POLICY,https://stationf.co/privacy-policy,Station F,2026-05-16T17:44:30.843851,Not a tech/startup event
LEGAL INFORMATION,https://stationf.co/legal-information,Station F,2026-05-16T17:44:34.716289,Not a tech/startup event
TERMS OF USE,https://stationf.co/terms,Station F,2026-05-16T17:44:37.704967,Not a tech/startup event
Événements,https://lehub.bpifrance.fr/evenements/,Bpifrance Le Hub,2026-05-16T17:45:12.322809,Not a tech/startup event
Événements du Hub,https://lehub.bpifrance.fr/evenements/evenements-du-hub/,Bpifrance Le Hub,2026-05-16T17:45:15.797745,Not a tech/startup event
Les Clubs Métiers du Hub,https://lehub.bpifrance.fr/evenements/evenements-prives-clubs-metiers/,Bpifrance Le Hub,2026-05-16T17:45:19.980175,Not a tech/startup event
Événements Partenaires,https://lehub.bpifrance.fr/evenements/evenements-partenaires/,Bpifrance Le Hub,2026-05-16T17:45:23.273984,Not a tech/startup event
EVENTS,https://hello-tomorrow.org/events/,Hello Tomorrow,2026-05-16T17:45:39.583575,Not a tech/startup event
"Dutch dronemaker Destinus in €200m funding talks, reports say",https://sifted.eu/articles/destinuse-defence-fundraise-report/,Sifted Events,2026-05-16T17:45:48.260387,Not a tech/startup event
Tech founders and investors on the Sunday Times Rich List 2026,https://sifted.eu/articles/tech-founders-and-investors-on-the-sunday-times-rich-list-2026/,Sifted Events,2026-05-16T17:45:52.019759,Not a tech/startup event
Euan Blair’s Multiverse boosts valuation with $70m fundraise,https://sifted.eu/articles/euan-blairs-multiverse-70m-fundraise/,Sifted Events,2026-05-16T17:45:55.327159,Not a tech/startup event
This 11-person London startup wants to make AI 100x cheaper every year,https://sifted.eu/articles/meryem-arik-doubleword-interview/,Sifted Events,2026-05-16T17:45:58.712660,Not a tech/startup event
M&A: The European startups raising cash and on the hunt for acquisitions,https://sifted.eu/articles/european-startups-hunt-for-acquisitions/,Sifted Events,2026-05-16T17:46:01.981600,Not a tech/startup event
James Wise on why the Sovereign AI Unit criticism is wrong – and the one company he wishes he’d backed,https://sifted.eu/articles/james-wise-podcast/,Sifted Events,2026-05-16T17:46:05.259157,Not a tech/startup event
The hidden costs of hiring freelancers across borders — and how to avoid them,https://sifted.eu/articles/hiring-freelancers-across-borders-brnd/,Sifted Events,2026-05-16T17:46:08.335647,Not a tech/startup event
Exclusive: The secretive group recruiting whistleblowers to shake up the VC industry,https://sifted.eu/articles/inside-track-vc-whistleblowers/,Sifted Events,2026-05-16T17:46:11.308727,Not a tech/startup event
Exclusive: H Company cofounder steps down as CTO,https://sifted.eu/articles/laurent-sifre-steps-down-cto-h-company/,Sifted Events,2026-05-16T17:46:14.222105,Not a tech/startup event
ElevenLabs hit with fresh lawsuit over use of voices by Pulitzer and Emmy-winning journalists,https://sifted.eu/articles/elevenlabs-lawsuit-2026/,Sifted Events,2026-05-16T17:46:17.245485,Not a tech/startup event
Accel and Thiel’s Founders Fund back Fractile in $220m raise,https://sifted.eu/articles/fractile-220m-accel/,Sifted Events,2026-05-16T17:46:20.618756,Not a tech/startup event
Nvidia startup head: ‘Germany is not late’ on AI boom,https://sifted.eu/articles/nvidia-startups-germany-ai-boom/,Sifted Events,2026-05-16T17:46:23.675947,Not a tech/startup event
The end of app-hopping: How embedded services are redefining the customer experience,https://sifted.eu/articles/end-of-app-hopping-brnd/,Sifted Events,2026-05-16T17:46:26.969996,Not a tech/startup event
Lovable is promising staff a 10% raise on their work anniversary. Here’s why it won’t catch on,https://sifted.eu/articles/lovable-pay-raise-opinion/,Sifted Events,2026-05-16T17:46:29.836744,Not a tech/startup event
Why Europe’s AI leaders are heading to Nexus Luxembourg 2026,https://sifted.eu/articles/nexus-luxembourg-europes-ai-tech-event/,Sifted Events,2026-05-16T17:46:32.697750,Not a tech/startup event
25 European YC startups due to raise a Series A,https://sifted.eu/articles/25-european-yc-startups-due-to-raise-a-series-a/,Sifted Events,2026-05-16T17:46:36.900767,Not a tech/startup event
Inside Legora’s hunt for legal tech acquisitions,https://sifted.eu/articles/inside-legoras-hunt-for-legal-tech-acquisitions/,Sifted Events,2026-05-16T17:46:40.295605,Not a tech/startup event
The talent profile Europe's top AI scaleups are chasing,https://sifted.eu/articles/the-talent-profile-europes-top-ai-scaleups-are-chasing-oped/,Sifted Events,2026-05-16T17:46:45.506213,Not a tech/startup event
DeepMind spinout Isomorphic Labs raises $2.1bn,https://sifted.eu/articles/isomorphic-labs-2-1bn/,Sifted Events,2026-05-16T17:46:48.368698,Not a tech/startup event
How LEAP became a global meeting point for international tech players,https://sifted.eu/articles/leap-a-global-meeting-point-brnd/,Sifted Events,2026-05-16T17:46:51.339485,Not a tech/startup event
A commercial talent crunch is looming for Europe’s quantum startups,https://sifted.eu/articles/commercial-talent-quantum-startups/,Sifted Events,2026-05-16T17:46:54.718893,Not a tech/startup event
Europe's hot AI startups set to poach more talent from Big Tech,https://sifted.eu/articles/europe-ai-startup-hiring-big-tech/,Sifted Events,2026-05-16T17:46:57.572162,Not a tech/startup event
"A PhD pivot, a stint in VC and a rumoured Anthropic deal: why Europe is watching Walter Goodwin",https://sifted.eu/articles/walter-goodwin-profile/,Sifted Events,2026-05-16T17:47:00.417563,Not a tech/startup event
The AI energy crisis is bad. Wait until quantum arrives,https://sifted.eu/articles/james-palles-dimmock-quantum-motion-oped/,Sifted Events,2026-05-16T17:47:03.212127,Not a tech/startup event
"Isomorphic Labs lands $2.1B,  Keel's post-neobank pivot, and Poland's software evolution",https://tech.eu/2026/05/15/isomorphic-labs-lands-2-1b-keel-s-post-neobank-pivot-and-poland-s-software-evolution/,Tech.eu,2026-05-16T17:47:12.844518,Not a tech/startup event
Euan Blair’s Multiverse raises $70M at $2.1BN valuation,https://tech.eu/2026/05/15/euan-blair-s-multiverse-raises-70m-at-2-1bn-valuation/,Tech.eu,2026-05-16T17:47:27.209972,Not a tech/startup event
Meet the startup taking on gaming's cheating problem,https://tech.eu/2026/05/15/meet-the-startup-taking-on-gaming-s-cheating-problem/,Tech.eu,2026-05-16T17:47:30.149968,Not a tech/startup event
Startup nsave is bringing international banking access to Syrians shut out of the financial system,https://tech.eu/2026/05/15/startup-nsave-is-bringing-international-banking-access-to-syrians-shut-out-of-the-financial-system/,Tech.eu,2026-05-16T17:47:33.226264,Not a tech/startup event
Twin Prime lands $10M pre-seed to build frontier AI models for defence and security,https://tech.eu/2026/05/14/twin-prime-lands-10m-pre-seed-to-build-frontier-ai-models-for-defence-and-security/,Tech.eu,2026-05-16T17:47:36.112445,Not a tech/startup event
Iceotope raises $26M to advance cooling for next-generation AI infrastructure,https://tech.eu/2026/05/14/iceotope-raises-26m-to-advance-cooling-for-next-generation-ai-infrastructure/,Tech.eu,2026-05-16T17:47:39.468503,Not a tech/startup event
"Ouinex reaches $9M in community funding, launches token platform",https://tech.eu/2026/05/14/ouinex-reaches-9m-in-community-funding-launches-token-platform/,Tech.eu,2026-05-16T17:47:42.931877,Not a tech/startup event
Meet the 3D printing startup that spent five years not selling its technology,https://tech.eu/2026/05/14/meet-the-3d-printing-startup-that-spent-five-years-not-selling-anything/,Tech.eu,2026-05-16T17:47:46.632727,Not a tech/startup event
London fintech Banked acquired by Australia’s top business lender,https://tech.eu/2026/05/14/london-fintech-banked-acquired-by-australia-s-top-business-lender/,Tech.eu,2026-05-16T17:48:03.411805,Not a tech/startup event
Energy tech: 10 companies that raised the most in 2025,https://tech.eu/2026/05/14/energy-tech-10-companies-that-raised-the-most-in-2025/,Tech.eu,2026-05-16T17:48:06.497171,Not a tech/startup event
Zerops raises $2M seed to rebuild cloud infrastructure for the AI development era,https://tech.eu/2026/05/14/zerops-raises-2m-seed-to-rebuild-cloud-infrastructure-for-the-ai-development-era/,Tech.eu,2026-05-16T17:48:09.677059,Not a tech/startup event
DDD Invoices raises €1.31M to simplify global e-invoicing compliance,https://tech.eu/2026/05/14/ddd-invoices-raises-eur131m-to-simplify-global-e-invoicing-compliance/,Tech.eu,2026-05-16T17:48:12.647813,Not a tech/startup event
UK AI chip startup Fractile raises $220M to tackle the growing inference bottleneck,https://tech.eu/2026/05/13/uk-ai-chip-startup-fractile-raises-220m-to-tackle-the-growing-inference-bottleneck/,Tech.eu,2026-05-16T17:48:16.128200,Not a tech/startup event
Recursive Superintelligence emerges from stealth with $650M raise,https://tech.eu/2026/05/13/recursive-superintelligence-emerges-from-stealth-with-650m-raise/,Tech.eu,2026-05-16T17:48:19.099895,Not a tech/startup event
Glocalzone acquired by MovitOn to expand decentralised logistics network,https://tech.eu/2026/05/13/glocalzone-acquired-by-moviton-to-expand-decentralised-logistics-network/,Tech.eu,2026-05-16T17:48:22.438275,Not a tech/startup event
Gyver scores €1.4M to help power Europe’s industrial workforce,https://tech.eu/2026/05/13/gyver-scores-eur14m-to-help-power-europes-industrial-workforce/,Tech.eu,2026-05-16T17:48:25.241395,Not a tech/startup event
Romanian DesignVerse raises $5.5M to modernise legacy enterprise software,https://tech.eu/2026/05/13/romanian-designverse-raises-55m-to-modernise-legacy-enterprise-software/,Tech.eu,2026-05-16T17:48:28.196570,Not a tech/startup event
RevOps Org Breakdown: How Top Companies Structure Their Teams,https://www.eventbrite.fr/e/billets-revops-org-breakdown-how-top-companies-structure-their-teams-1986805869840,Eventbrite Paris (Startups & Tech),2026-05-16T17:48:56.576505,Not a tech/startup event
L 'Afrique Econo & Culturelle célébrée à la Salle René FALLET à CROSNE (91),https://www.eventbrite.fr/e/billets-l-afrique-econo-culturelle-celebree-a-la-salle-rene-fallet-a-crosne-91-1983673069550,Eventbrite Paris (Startups & Tech),2026-05-16T17:49:12.653312,Not a tech/startup event
Women Connect - By Soulmeet,https://www.eventbrite.com/e/billets-women-connect-by-soulmeet-1986438569234,Eventbrite Paris (Startups & Tech),2026-05-16T17:49:16.209038,Not a tech/startup event
NETWORKING AFROPRENEURS & DIRIGEANTS: DÉFIS ENTREPRENDRE DANS LA DIASPORA,https://www.eventbrite.fr/e/billets-networking-afropreneurs-dirigeants-defis-entreprendre-dans-la-diaspora-1988712989085,Eventbrite Paris (Startups & Tech),2026-05-16T17:49:29.344426,Not a tech/startup event
Créez 1 mois de posts ciblés pour VOTRE audience en 1 jour,https://www.eventbrite.fr/e/billets-creez-1-mois-de-posts-cibles-pour-votre-audience-en-1-jour-1979861137960,Eventbrite Paris (Startups & Tech),2026-05-16T17:49:33.011982,Not a tech/startup event
Afterwork Entrepreneur (convivial et décontracté),https://www.eventbrite.fr/e/afterwork-entrepreneur-convivial-et-decontracte-tickets-1987038859719,Eventbrite Paris (Startups & Tech),2026-05-16T17:49:45.268345,Not a tech/startup event
AI Tech & Startup Night — Paris,https://www.eventbrite.com/e/ai-tech-startup-night-paris-tickets-1988487660120,Eventbrite Paris (Startups & Tech),2026-05-16T17:49:58.558194,Not a tech/startup event
"Acting,Production & Business Networking| Elevating Your Potential-Paris",https://www.eventbrite.com/e/actingproduction-business-networking-elevating-your-potential-paris-tickets-1986998323474,Eventbrite Paris (Startups & Tech),2026-05-16T17:50:01.550621,Not a tech/startup event
Le café des entrepreneur.es de Paris,https://www.eventbrite.fr/e/billets-le-cafe-des-entrepreneures-de-paris-1989294183453,Eventbrite Paris (Startups & Tech),2026-05-16T17:50:15.178415,Not a tech/startup event
PARIS City Ladies Networking June Meeting,https://www.eventbrite.co.uk/e/paris-city-ladies-networking-june-meeting-tickets-1977836468118,Eventbrite Paris (Startups & Tech),2026-05-16T17:50:18.088296,Not a tech/startup event
Réseautage entre entrepreneures et atelier méditation,https://www.eventbrite.fr/e/reseautage-entre-entrepreneures-et-atelier-meditation-tickets-1988304120147,Eventbrite Paris (Startups & Tech),2026-05-16T17:50:21.466998,Not a tech/startup event
Publier 1 mois de contenu adapté à sa cible en 1 seul jour avec l’IA,https://www.eventbrite.fr/e/billets-publier-1-mois-de-contenu-adapte-a-sa-cible-en-1-seul-jour-avec-lia-1979861343575,Eventbrite Paris (Startups & Tech),2026-05-16T17:50:49.336494,Not a tech/startup event
Business In Motion,https://www.eventbrite.fr/e/billets-business-in-motion-1988476428526,Eventbrite Paris (Startups & Tech),2026-05-16T17:50:52.248831,Not a tech/startup event
FDDay 2026,https://www.eventbrite.fr/e/fdday-2026-tickets-1986634613608,Eventbrite Paris (Startups & Tech),2026-05-16T17:50:55.362376,Not a tech/startup event
Déjeuner d'affaires & réseautage - Paris,https://www.eventbrite.fr/e/billets-dejeuner-daffaires-reseautage-paris-1985991759815,Eventbrite Paris (Startups & Tech),2026-05-16T17:50:58.268543,Not a tech/startup event
FORMATION CSE INTER-ENTREPRISES PARIS,https://www.eventbrite.fr/e/billets-formation-cse-inter-entreprises-paris-1980745631504,Eventbrite Paris (Startups & Tech),2026-05-16T17:51:01.508730,Not a tech/startup event
